[
    {
        "door": {
            "name": "d0",
            "description": "A red door",
            "from": "r0",
            "to": "r1"
        }
    },
    {
        "door": {
            "name": "d1",
            "description": "A suspicious looking door",
            "from": "r1",
            "to": "r2"
        }
    },
    {
        "door": {
            "name": "d2",
            "description": "A black door",
            "from": "r0",
            "to": "r3"
        }
    },
    {
        "door": {
            "name": "d3",
            "description": "A mysterious door",
            "from": "r1",
            "to": "r4"
        }
    },
    {
        "door": {
            "name": "d4",
            "description": "A very dark door",
            "from": "r3",
            "to": "r4"
        }
    },
    {
        "door": {
            "name": "d5",
            "description": "A beautifully decorated door",
            "from": "r4",
            "to": "r5"
        }
    },
    {
        "door": {
            "name": "d6",
            "description": "A wooden door that is clearly rotten",
            "from": "r5",
            "to": "r6"
        }
    },
    {
        "door": {
            "name": "d7",
            "description": "An old fasioned hand crank door",
            "from": "r6",
            "to": "r7"
        }
    },
    {
        "door": {
            "name": "d8",
            "description": "An extremely white and bright door",
            "from": "r7",
            "to": "r8"
        }
    },
    {
        "door": {
            "name": "d9",
            "description": "A blood stained door",
            "from": "r8",
            "to": "r9"
        }
    }
]
