[
    {
        "room": {
            "name": "r0",
            "description": "A rather dusty room full with computers and two doors."
        }
    },
    {
        "room": {
            "name": "r1",
            "description": "A suspicious room with three mysterious doors."
        }
    },
    {
        "room": {
            "name": "r2",
            "description": "A strange odor comes from this room."
        }
    },
    {
        "room": {
            "name": "r3",
            "description": "A dark room with even darker doors."
        }
    },
    {
        "room": {
            "name": "r4",
            "description": "An abandoned ballroom."
        }
    },
    {
        "room": {
            "name": "r5",
            "description": "A long hallway like room with a door at the very end."
        }
    },
    {
        "room": {
            "name": "r6",
            "description": "A room with no electricity so choose wisely."
        }
    },
    {
        "room": {
            "name": "r7",
            "description": "A bright room with even brighter doors."
        }
    },
    {
        "room": {
            "name": "r8",
            "description": "A room full of potential enemies, could this mean you are reaching the end?"
        }
    },
    {
        "room": {
            "name": "r9",
            "description": "A room that marks the end of this RPG. Congratulations!"
        }
    }
]
